Sample,Pseudonitzschia.A.Sp,Alexandrium.Sp,Robgordia.Sp,Water.Temp,Species,Region,Site,day,month,year,period
1,2482.2,0,368.2,20.4,Common mussels,HCS,HS-167,22,4,2009,1st half year
2,2128.1,120.12,217.9,8.6,Common mussels,HCSL,SL-137,27,4,2009,1st half year
3,8905.5,60.06,2408.1,14.9,Common mussels,HCSL,SL-137,5,5,2009,1st half year
4,1407,20.02,178,17.6,Common mussels,HCSL,SL-137,11,5,2009,1st half year
5,2550.9,20.02,375.3,13.7,Common mussels,CESLH,LH-186,26,5,2009,1st half year
6,5223.9,0,1505,20.2,Common mussels,SIC,SI-230,26,5,2009,1st half year
7,2863.7,20.02,357.1,14.5,Common mussels,CESLH,LH-186,1,6,2009,1st half year
8,4038.2,0,413.3,14.3,Common mussels,HCSL,SL-137,1,6,2009,1st half year
9,4932.7,0,470.3,12.4,Common mussels,CESLH,LH-186,8,6,2009,1st half year
10,10034,0,982.7,17.8,Common mussels,HCSL,SL-137,8,6,2009,1st half year
11,1454.2,0,200.7,13.1,Common mussels,SIC,SI-289,8,6,2009,1st half year
12,4720.6,20.02,495.2,8.3,Common cockles,CESLH,LH-249,9,6,2009,1st half year
13,7517.1,1481.48,852.7,18,Common mussels,CESLH,LH-344,15,6,2009,1st half year
14,3168.1,160.16,383.2,13.5,Common mussels,CESLH,LH-187,15,6,2009,1st half year
15,1789.8,0,292.6,7.8,Common mussels,HCSL,SL-137,15,6,2009,1st half year
16,3277.4,0,433.5,14,Common mussels,SIC,SI-523,15,6,2009,1st half year
17,1404.4,0,7.3,1.1,Common cockles,CESLH,LH-249,17,6,2009,1st half year
18,1085.2,4084.08,220,13.2,Common mussels,CESLH,LH-344,22,6,2009,1st half year
19,10089.9,0,1072.6,6.9,Common mussels,SIC,SI-523,22,6,2009,1st half year
20,4896.1,0,515.2,10.3,Common cockles,CESLH,LH-249,23,6,2009,1st half year
21,4312.3,120.12,368.5,13.8,Common mussels,SIC,SI-523,29,6,2009,1st half year
22,3919.3,20.02,1446.3,5.7,Common mussels,SIC,SI-289,29,6,2009,1st half year
23,1141,20.02,176.8,16.1,Common mussels,HCS,HS-167,30,6,2009,1st half year
24,3914.3,1441.44,408.8,15.7,Common mussels,SIC,SI-081,1,7,2009,2nd half year
25,10495.5,140.14,1112,14.5,Common mussels,SIC,SI-288,1,7,2009,2nd half year
26,2170.1,660.66,273.2,14.8,Common mussels,SIC,SI-242,6,7,2009,2nd half year
27,19160.9,700.7,1983.1,8.1,Common mussels,SIC,SI-289,6,7,2009,2nd half year
28,21338.3,3903.9,2083,18.9,Common mussels,SIC,SI-036,8,7,2009,2nd half year
29,21196.7,5125.12,2212.1,11.9,Common mussels,SIC,SI-081,8,7,2009,2nd half year
30,20314.9,1041.04,2162.8,19.4,Common mussels,SIC,SI-288,8,7,2009,2nd half year
31,2561.6,0,365.4,12.2,Common mussels,SIC,SI-327,13,7,2009,2nd half year
32,3303.9,140.14,306.3,8,Common mussels,SIC,SI-523,13,7,2009,2nd half year
33,21305.6,1701.7,2190.5,17.1,Common mussels,SIC,SI-242,13,7,2009,2nd half year
34,34185,280.28,3490.7,17.6,Common mussels,SIC,SI-289,13,7,2009,2nd half year
35,18812.5,3783.78,1996.4,4.6,Common mussels,SIC,SI-036,15,7,2009,2nd half year
36,14762.6,4864.86,1454.4,12.6,Common mussels,SIC,SI-081,15,7,2009,2nd half year
37,16376.6,600.6,1638.7,17.1,Common mussels,SIC,SI-288,15,7,2009,2nd half year
38,1300.3,0,105.5,10.4,Common mussels,CESLH,LH-186,20,7,2009,2nd half year
39,6863.5,20.02,726,10.8,Common mussels,SIC,SI-326,20,7,2009,2nd half year
40,8568.8,100.1,838.4,14.6,Common mussels,SIC,SI-327,20,7,2009,2nd half year
41,1433,2422.42,286.9,13.8,Common mussels,SIC,SI-242,20,7,2009,2nd half year
42,4679,1321.32,408.9,12.2,Common mussels,SIC,SI-289,20,7,2009,2nd half year
43,2144.7,80.08,252.2,10.9,Common mussels,SIC,SI-321,20,7,2009,2nd half year
44,2360.3,30530.5,330.9,7.5,Common mussels,SIC,SI-036,22,7,2009,2nd half year
45,1234,2042.04,266.6,15.4,Common mussels,SIC,SI-288,22,7,2009,2nd half year
46,1459.5,80.08,149.2,7.6,Common mussels,SIC,SI-321,27,7,2009,2nd half year
47,1154,0,137.2,16.1,Common mussels,HCL,HL-118,3,8,2009,2nd half year
48,1709.2,0,129.6,-0.5,Common mussels,SIC,SI-036,5,8,2009,2nd half year
49,2155.6,0,188.2,7.6,Common mussels,SIC,SI-036,12,8,2009,2nd half year
50,1685.1,0,186.3,13.1,Common mussels,SIC,SI-288,12,8,2009,2nd half year
51,1592.2,0,95.6,12,Common mussels,SIC,SI-242,17,8,2009,2nd half year
52,1194.2,0,147.9,12.5,Common mussels,SIC,SI-289,17,8,2009,2nd half year
53,1552.4,0,206.5,17.6,Common mussels,SIC,SI-288,19,8,2009,2nd half year
54,1260.5,0,160.4,15.6,Common mussels,SIC,SI-289,31,8,2009,2nd half year
55,1472.8,0,229.4,10.7,Common mussels,SIC,SI-081,2,9,2009,2nd half year
56,2558.4,0,199.3,8.8,Common mussels,SIC,SI-288,2,9,2009,2nd half year
57,2748.2,0,250.2,11.1,Common mussels,SIC,SI-242,7,9,2009,2nd half year
58,4975,0,642.7,5.7,Common mussels,SIC,SI-036,9,9,2009,2nd half year
59,6158.9,0,635.5,12.9,Common mussels,HCL,HL-118,15,9,2009,2nd half year
60,7936.5,20.02,890.9,13.7,Common mussels,SIC,SI-036,16,9,2009,2nd half year
61,1963.8,0,202,18.4,Common mussels,SIC,SI-288,16,9,2009,2nd half year
62,1804.5,0,262.6,12.7,Common mussels,SIC,SI-036,23,9,2009,2nd half year
63,1141.1,0,106.6,10.1,Common mussels,SIC,SI-081,23,9,2009,2nd half year
64,1052.7,0,233.1,17.1,Common mussels,SIC,SI-323,4,5,2010,1st half year
65,1160.3,0,50.2,14.1,Common mussels,SIC,SI-523,1,6,2010,1st half year
66,1266.7,0,95.1,11,Common mussels,HCS,HS-167,8,6,2010,1st half year
67,3541,0,293.3,13.6,Common mussels,SIC,SI-523,14,6,2010,1st half year
68,1148.4,20.02,158.6,13.3,Common mussels,CESLH,LH-185,15,6,2010,1st half year
69,2898.2,0,352.5,10.7,Common mussels,HCS,HS-167,15,6,2010,1st half year
70,1470.5,0,212.4,11.3,Common mussels,CESLH,LH-338,16,6,2010,1st half year
71,2117.5,160.16,332.9,7.3,Common mussels,SIC,SI-326,21,6,2010,1st half year
72,2078.1,200.2,217.5,5.4,Common mussels,SIC,SI-327,21,6,2010,1st half year
73,2236.6,0,335.1,11.2,Common mussels,SIC,SI-523,21,6,2010,1st half year
74,1955,40.04,180.8,18.6,Common mussels,SIC,SI-321,21,6,2010,1st half year
75,1695.3,0,117.6,13.7,Common mussels,CESLH,LH-338,22,6,2010,1st half year
76,1303.8,0,268,4.3,Common mussels,HCS,HS-167,22,6,2010,1st half year
77,2310.8,0,180.9,13.8,Common mussels,SIC,SI-323,22,6,2010,1st half year
78,1060,60.06,151.5,15.7,Common mussels,SIC,SI-230,22,6,2010,1st half year
79,1527.6,20.02,157,9.2,Pacific oysters,CESLH,LH-339,23,6,2010,1st half year
80,5331.9,0,457.2,13.6,Common mussels,SIC,SI-327,28,6,2010,1st half year
81,1230.4,40.04,268.4,18.2,Common mussels,SIC,SI-230,28,6,2010,1st half year
82,2296.8,40.04,198.4,10.8,Common mussels,SIC,SI-523,28,6,2010,1st half year
83,14150.2,0,1494.4,16.4,Common mussels,SIC,SI-323,29,6,2010,1st half year
84,1886.7,40.04,133.1,13.5,Common mussels,SIC,SI-327,5,7,2010,2nd half year
85,7546.8,0,697.2,10.6,Common mussels,SIC,SI-323,6,7,2010,2nd half year
86,35056.5,0,3611.7,18.8,Common mussels,SIC,SI-288,12,7,2010,2nd half year
87,9214.7,0,1056.6,9.1,Common mussels,SIC,SI-289,12,7,2010,2nd half year
88,7245.5,0,685.8,15.3,Common mussels,SIC,SI-323,13,7,2010,2nd half year
89,32839.4,80.08,3350.9,11,Common mussels,SIC,SI-081,13,7,2010,2nd half year
90,8587.7,0,800.8,18.9,Common mussels,SIC,SI-242,19,7,2010,2nd half year
91,30255.4,0,3142.2,8.3,Common mussels,SIC,SI-288,19,7,2010,2nd half year
92,18052.1,0,1827.2,17.2,Common mussels,SIC,SI-289,19,7,2010,2nd half year
93,1540,0,105,10.6,Common mussels,SIC,SI-327,26,7,2010,2nd half year
94,11034.8,0,1132.7,15.4,Common mussels,SIC,SI-242,26,7,2010,2nd half year
95,1346.2,40.04,269.2,9.1,Common mussels,SIC,SI-326,2,8,2010,2nd half year
96,1312.5,0,75.5,11.6,Common mussels,SIC,SI-327,2,8,2010,2nd half year
97,4170.8,0,515.6,6.3,Common mussels,SIC,SI-323,3,8,2010,2nd half year
98,20073.5,0,2002.1,13.2,Common mussels,SIC,SI-036,4,8,2010,2nd half year
99,1715.8,0,280.6,9.1,Pacific oysters,AGB,AB-041,11,8,2010,2nd half year
100,1914,0,219.8,13.7,Common mussels,SIC,SI-081,25,8,2010,2nd half year
101,947.9,20.02,203.9,10.8,Pacific oysters,AGB,AB-041,25,8,2010,2nd half year
102,3158.9,0,412.7,18.7,Common mussels,SIC,SI-242,30,8,2010,2nd half year
103,1759.2,0,309.3,10.2,Common cockles,CESLH,LH-249,31,8,2010,2nd half year
104,1393.9,20.02,178.2,15.4,Common mussels,SIC,SI-036,1,9,2010,2nd half year
105,5017.5,0,622.3,12.8,Common mussels,SIC,SI-081,1,9,2010,2nd half year
106,1449.2,20.02,181.8,17.4,Common mussels,SIC,SI-288,1,9,2010,2nd half year
107,8181.3,120.12,927,10,Common mussels,CESLH,LH-185,6,9,2010,2nd half year
108,1028.2,0,66.2,13,Common mussels,HCSL,SL-137,6,9,2010,2nd half year
109,1346.2,0,146.9,13.2,Common mussels,SIC,SI-327,6,9,2010,2nd half year
110,6343.6,0,584.3,11.2,Common mussels,SIC,SI-242,6,9,2010,2nd half year
111,7888.6,0,927.6,15.7,Common cockles,CESLH,LH-249,7,9,2010,2nd half year
112,6794.8,0,805.8,12.9,Common mussels,SIC,SI-036,8,9,2010,2nd half year
113,1032.2,0,74.1,12.8,Pacific oysters,CESLH,LH-339,8,9,2010,2nd half year
114,2052,20.02,221.9,11.1,Pacific oysters,AGB,AB-041,9,9,2010,2nd half year
115,1240.6,0,105.3,3.4,Common mussels,HCSL,SL-137,13,9,2010,2nd half year
116,1298.8,0,261.6,16.7,Common mussels,SIC,SI-327,13,9,2010,2nd half year
117,1618.8,0,176.1,12.4,Common mussels,SIC,SI-523,13,9,2010,2nd half year
118,4652.1,0,558.9,17.5,Common mussels,SIC,SI-242,13,9,2010,2nd half year
119,2777.3,0,323.8,11.5,Common mussels,HCS,HS-167,14,9,2010,2nd half year
120,1977,0,312.9,15.6,Common mussels,SIC,SI-036,15,9,2010,2nd half year
121,1462.8,0,211.1,11.6,Common mussels,HCSL,SL-137,20,9,2010,2nd half year
122,1208.4,0,174.6,16.5,Common mussels,SIC,SI-327,20,9,2010,2nd half year
123,2597,0,294.4,16.5,Common mussels,HCSL,SL-137,27,9,2010,2nd half year
124,2733.3,20.02,353.8,11.9,Common mussels,HCSL,SL-137,4,10,2010,2nd half year
125,1399.2,0,115.6,8.2,Common mussels,SIC,SI-327,4,10,2010,2nd half year
126,1844.3,0,159.2,21.2,Common mussels,HCSL,SL-137,11,10,2010,2nd half year
127,1748,0,113.6,9.9,Common mussels,SIC,SI-242,28,3,2011,1st half year
128,4783.3,0,606.5,12.8,Common mussels,SIC,SI-242,4,4,2011,1st half year
129,2063.3,0,282.1,11.5,Common mussels,AGB,AB-200,5,4,2011,1st half year
130,3516.2,0,428.7,11.2,Common mussels,SIC,SI-081,6,4,2011,1st half year
131,3139.9,20.02,386.1,19.3,Common mussels,SIC,SI-288,6,4,2011,1st half year
132,1073.9,100.1,185.7,8.5,Common mussels,SIC,SI-242,11,4,2011,1st half year
133,1234,0,273.9,1.6,Common mussels,SIC,SI-288,13,4,2011,1st half year
134,847.6,0,65,7.7,Pacific oysters,CESLH,LH-339,27,4,2011,1st half year
135,1340.1,0,274.7,10.7,Common mussels,HCL,HL-118,6,6,2011,1st half year
136,1577.3,400.4,216,9.7,Common mussels,HCSL,SL-137,6,6,2011,1st half year
137,1856.9,900.9,178.3,9.4,Common mussels,HCSL,SL-137,13,6,2011,1st half year
138,1021.8,0,101.3,11,Common mussels,SIC,SI-242,13,6,2011,1st half year
139,2114.9,60.06,178.2,15.4,Common mussels,SIC,SI-288,15,6,2011,1st half year
140,4552.8,0,547.4,7.9,Common mussels,SIC,SI-242,20,6,2011,1st half year
141,1486.8,140.14,222.5,19,Common mussels,SIC,SI-081,22,6,2011,1st half year
142,2557.3,80.08,277.4,12.3,Common mussels,SIC,SI-288,22,6,2011,1st half year
143,2481.2,0,241,9.2,Common mussels,SIC,SI-242,27,6,2011,1st half year
144,1522.1,0,155.8,4.9,Common mussels,SIC,SI-321,27,6,2011,1st half year
145,3354.2,80.08,317.1,8,Common mussels,SIC,SI-081,29,6,2011,1st half year
146,2751.8,40.04,202.3,11.9,Common mussels,SIC,SI-373,29,6,2011,1st half year
147,4370,40.04,580,12.9,Common mussels,SIC,SI-288,29,6,2011,1st half year
148,1420.6,0,125.4,11.5,Common mussels,SIC,SI-523,4,7,2011,2nd half year
149,1240.9,0,176.5,10.2,Common mussels,SIC,SI-261,4,7,2011,2nd half year
150,7159.4,0,769.9,11.5,Common mussels,SIC,SI-321,4,7,2011,2nd half year
151,1683.5,200.2,194.2,8.2,Common mussels,SIC,SI-373,6,7,2011,2nd half year
152,1764.2,180.18,228.2,13.1,Common mussels,SIC,SI-288,6,7,2011,2nd half year
153,1751.5,0,276.4,14.1,Common mussels,SIC,SI-327,11,7,2011,2nd half year
154,4982.1,40.04,598.8,14,Common mussels,SIC,SI-321,11,7,2011,2nd half year
155,1897.4,0,268.4,7.2,Common mussels,SIC,SI-081,13,7,2011,2nd half year
156,3233.1,0,445,8.4,Common mussels,SIC,SI-326,18,7,2011,2nd half year
157,2368.5,0,358.2,16.2,Common mussels,SIC,SI-523,18,7,2011,2nd half year
158,6105.7,100.1,534.2,6,Common mussels,SIC,SI-050,19,7,2011,2nd half year
159,3420.5,0,299.8,11,Common mussels,SIC,SI-373,19,7,2011,2nd half year
160,3031.7,0,385,13.8,Common mussels,SIC,SI-081,20,7,2011,2nd half year
161,1332.6,140.14,95.6,22,Common mussels,SIC,SI-288,20,7,2011,2nd half year
162,1052,0,174.5,19.7,Common mussels,SIC,SI-326,25,7,2011,2nd half year
163,7367.1,0,750,14.7,Common mussels,SIC,SI-327,25,7,2011,2nd half year
164,2673.6,0,360.5,10.9,Common mussels,SIC,SI-523,25,7,2011,2nd half year
165,1314.4,0,72,5.5,Common mussels,SIC,SI-242,25,7,2011,2nd half year
166,1402.7,0,180.9,3.2,Common mussels,SIC,SI-261,25,7,2011,2nd half year
167,5347.3,20.02,672.2,14.1,Common mussels,SIC,SI-050,26,7,2011,2nd half year
168,3269.6,0,438.5,10.9,Common mussels,SIC,SI-081,27,7,2011,2nd half year
169,4202.8,60.06,561.1,6,Common mussels,SIC,SI-373,27,7,2011,2nd half year
170,4564.4,460.46,560.9,13.7,Common mussels,SIC,SI-288,27,7,2011,2nd half year
171,1129.8,0,162.8,11.2,Common mussels,SIC,SI-326,1,8,2011,2nd half year
172,1397.3,60.06,219.3,19.2,Common mussels,SIC,SI-523,1,8,2011,2nd half year
173,2071.7,0,190.8,14.9,Common mussels,SIC,SI-242,1,8,2011,2nd half year
174,2030.1,0,331.2,9.7,Common mussels,HCL,HL-118,2,8,2011,2nd half year
175,2315.5,0,381.1,13.1,Common mussels,SIC,SI-050,2,8,2011,2nd half year
176,4564.2,40.04,436.2,6.4,Common mussels,SIC,SI-373,3,8,2011,2nd half year
177,1001.8,180.18,82.1,14.7,Common mussels,SIC,SI-288,3,8,2011,2nd half year
178,4530.4,0,441.6,10.5,Common mussels,SIC,SI-326,8,8,2011,2nd half year
179,2151.8,0,206.5,12.6,Common mussels,SIC,SI-327,8,8,2011,2nd half year
180,2427.8,0,190.2,7.8,Common mussels,SIC,SI-523,8,8,2011,2nd half year
181,1174.6,380.38,275.1,17.3,Common mussels,SIC,SI-261,8,8,2011,2nd half year
182,6090.3,0,590.9,12.5,Common mussels,SIC,SI-050,9,8,2011,2nd half year
183,1959,0,213.9,10.8,Common mussels,SIC,SI-081,10,8,2011,2nd half year
184,2686.8,0,394.7,10,Common mussels,SIC,SI-288,10,8,2011,2nd half year
185,5302.7,80.08,650.1,16.3,Pacific oysters,AGB,AB-130,10,8,2011,2nd half year
186,1183.8,160.16,200.4,15.3,Common mussels,CESLH,LH-185,15,8,2011,2nd half year
187,1287.1,0,208.3,12.7,Common mussels,CESLH,LH-188,15,8,2011,2nd half year
188,1454.2,0,124.3,6.3,Common mussels,SIC,SI-326,15,8,2011,2nd half year
189,2638.2,0,408.8,16.5,Common mussels,SIC,SI-327,15,8,2011,2nd half year
190,4617.5,0,529.7,14.1,Common mussels,SIC,SI-523,15,8,2011,2nd half year
191,2395.9,40.04,268.8,10.3,Common mussels,SIC,SI-321,15,8,2011,2nd half year
192,941.4,60.06,100,16.1,Pacific oysters,AGB,AB-130,15,8,2011,2nd half year
193,8384.7,0,833.2,18.7,Common mussels,SIC,SI-050,16,8,2011,2nd half year
194,2986.7,40.04,370.5,14,Common mussels,SIC,SI-081,17,8,2011,2nd half year
195,2039.3,580.58,257.7,8.7,Common mussels,SIC,SI-288,17,8,2011,2nd half year
196,2818.9,0,430.8,15.8,Common mussels,SIC,SI-326,22,8,2011,2nd half year
197,2449.4,40.04,232.7,7.5,Common mussels,SIC,SI-321,22,8,2011,2nd half year
198,1135.4,0,62.1,6.9,Common mussels,SIC,SI-323,23,8,2011,2nd half year
199,2617.6,0,354,18.2,Common mussels,SIC,SI-050,23,8,2011,2nd half year
200,2441.4,40.04,305.7,16.1,Common mussels,SIC,SI-216,23,8,2011,2nd half year
201,1122.2,240.24,143.4,14.8,Common mussels,SIC,SI-288,24,8,2011,2nd half year
202,2361.9,320.32,279.8,7.6,Pacific oysters,AGB,AB-130,24,8,2011,2nd half year
203,2905.8,0,380,11.7,Common mussels,SIC,SI-326,29,8,2011,2nd half year
204,3808.1,0,365.9,17.2,Common mussels,SIC,SI-327,29,8,2011,2nd half year
205,1246.3,140.14,195.6,16.4,Common mussels,SIC,SI-242,29,8,2011,2nd half year
206,4664.6,0,544.7,17.5,Common mussels,SIC,SI-321,29,8,2011,2nd half year
207,1197.8,300.3,130.8,9.3,Pacific oysters,AGB,AB-130,29,8,2011,2nd half year
208,1724.9,0,184,10.3,Common mussels,SIC,SI-323,30,8,2011,2nd half year
209,5101.8,80.08,482.8,10.3,Common mussels,SIC,SI-050,30,8,2011,2nd half year
210,2016.8,20.02,204.6,11.8,Common mussels,SIC,SI-216,30,8,2011,2nd half year
211,1767.4,40.04,279.9,8.8,Common mussels,SIC,SI-230,30,8,2011,2nd half year
212,2461,0,208,11.3,Common mussels,SIC,SI-326,5,9,2011,2nd half year
213,2746.6,0,365.6,6.1,Common mussels,SIC,SI-321,5,9,2011,2nd half year
214,5672.5,0,596.9,16.1,Common mussels,SIC,SI-216,6,9,2011,2nd half year
215,1240.6,0,173.7,15.3,Common mussels,SIC,SI-326,12,9,2011,2nd half year
216,1280.8,0,205.3,11.2,Common mussels,SIC,SI-242,12,9,2011,2nd half year
217,1025.1,0,186.1,10.9,Common mussels,SIC,SI-321,12,9,2011,2nd half year
218,1146.7,0,89.4,11.3,Common mussels,SIC,SI-050,13,9,2011,2nd half year
219,1029.8,20.02,39.9,5.3,Common mussels,SIC,SI-373,14,9,2011,2nd half year
220,2360.3,20.02,354.4,15.2,Common mussels,SIC,SI-242,19,9,2011,2nd half year
221,1366.9,40.04,274.7,6.4,Common mussels,SIC,SI-050,2,4,2012,1st half year
222,1812.8,0,216.3,11.3,Common mussels,SIC,SI-242,2,4,2012,1st half year
223,5446.8,40.04,685.6,3.7,Pacific oysters,AGB,AB-286,24,4,2012,1st half year
224,1821.7,0,191.1,18.7,Pacific oysters,AGB,AB-286,1,5,2012,1st half year
225,1045.3,0,217.2,14.1,Common mussels,CESLH,LH-185,9,5,2012,1st half year
226,1969.9,0,316.5,22.2,Common mussels,CESLH,LH-188,16,5,2012,1st half year
227,2361.5,0,293.9,12.4,Common mussels,CESLH,LH-185,21,5,2012,1st half year
228,3269.8,0,286.6,18.6,Common mussels,CESLH,LH-188,21,5,2012,1st half year
229,1726.4,0,320.3,12.9,Common mussels,SIC,SI-321,21,5,2012,1st half year
230,2512.2,0,333.2,12.7,Common mussels,SIC,SI-321,28,5,2012,1st half year
231,3738.9,0,357.8,12.4,Common mussels,CESLH,LH-185,30,5,2012,1st half year
232,2673.5,0,362,18.7,Common mussels,CESLH,LH-188,30,5,2012,1st half year
233,6193.6,20.02,604.8,12.3,Common mussels,SIC,SI-327,5,6,2012,1st half year
234,2104.1,0,315.4,11.7,Common mussels,CESLH,LH-185,6,6,2012,1st half year
235,2573.5,0,233.2,10.3,Common mussels,CESLH,LH-188,6,6,2012,1st half year
236,1365,20.02,98.5,11.3,Common mussels,SIC,SI-080,6,6,2012,1st half year
237,1266.4,0,53.2,16.8,Common mussels,SIC,SI-288,6,6,2012,1st half year
238,2957.5,0,445.2,3.5,Common mussels,SIC,SI-321,6,6,2012,1st half year
239,10693.1,0,1128.2,5.4,Common mussels,SIC,SI-327,11,6,2012,1st half year
240,6118,100.1,607.5,16.6,Common mussels,SIC,SI-321,11,6,2012,1st half year
241,3803.3,100.1,339.9,14.1,Common mussels,SIC,SI-080,12,6,2012,1st half year
242,3711.8,140.14,455.4,9.9,Common mussels,SIC,SI-288,12,6,2012,1st half year
243,1767.4,0,324.2,9.6,Common mussels,CESLH,LH-188,13,6,2012,1st half year
244,2255.1,0,226,13.2,Common mussels,CESLH,LH-185,18,6,2012,1st half year
245,1191.3,0,65.6,8.9,Common mussels,CESLH,LH-188,18,6,2012,1st half year
246,8937.7,20.02,1000.6,16.2,Common mussels,SIC,SI-327,18,6,2012,1st half year
247,5643.3,100.1,584.5,5.9,Common mussels,SIC,SI-080,20,6,2012,1st half year
248,2599.8,20.02,243.8,5.9,Common mussels,SIC,SI-242,20,6,2012,1st half year
249,9970.3,0,1010.1,12.2,Common mussels,SIC,SI-288,20,6,2012,1st half year
250,9702.3,0,1046,11.8,Common mussels,SIC,SI-327,25,6,2012,1st half year
251,9943.5,20.02,934.4,11.4,Common mussels,SIC,SI-242,27,6,2012,1st half year
252,3731.3,0,396.5,5.6,Common mussels,SIC,SI-327,2,7,2012,2nd half year
253,1098.9,20.02,249.6,13.9,Common mussels,SIC,SI-050,2,7,2012,2nd half year
254,1935.2,80.08,305,16.9,Common mussels,SIC,SI-261,2,7,2012,2nd half year
255,11002.2,40.04,1203,10.9,Common mussels,SIC,SI-324,3,7,2012,2nd half year
256,3442.1,20.02,405.2,10.8,Common mussels,SIC,SI-080,4,7,2012,2nd half year
257,13092.8,20.02,1258.4,14.9,Common mussels,SIC,SI-242,4,7,2012,2nd half year
258,16271.6,0,1555.8,10.2,Common mussels,SIC,SI-288,4,7,2012,2nd half year
259,7625.2,220.22,750.8,15.4,Common mussels,SIC,SI-261,9,7,2012,2nd half year
260,10175.1,0,1135.6,3.7,Common mussels,SIC,SI-324,10,7,2012,2nd half year
261,16630.6,40.04,1812.1,10.7,Common mussels,SIC,SI-080,11,7,2012,2nd half year
262,4429.7,200.2,419.3,4.9,Common mussels,SIC,SI-242,11,7,2012,2nd half year
263,20253.2,80.08,2041.3,13.5,Common mussels,SIC,SI-288,11,7,2012,2nd half year
264,1568.8,120.12,242.9,10,Common mussels,SIC,SI-327,16,7,2012,2nd half year
265,1090.6,260.26,76.3,18,Common mussels,SIC,SI-050,16,7,2012,2nd half year
266,7536.7,60.06,716.6,9.9,Common mussels,SIC,SI-324,17,7,2012,2nd half year
267,2881.2,20.02,338.2,16.7,Common mussels,SIC,SI-080,18,7,2012,2nd half year
268,2093.3,140.14,204.1,19.5,Common mussels,SIC,SI-242,18,7,2012,2nd half year
269,1409.5,20.02,267.4,11.2,Common mussels,SIC,SI-288,18,7,2012,2nd half year
270,1939.8,40.04,184.4,15.9,Common mussels,SIC,SI-327,23,7,2012,2nd half year
271,1129.8,80.08,48.6,11.6,Common mussels,SIC,SI-080,25,7,2012,2nd half year
272,1381.1,0,209.4,15.6,Common mussels,SIC,SI-242,25,7,2012,2nd half year
273,1139.1,0,90.9,17.4,Common mussels,CESLH,LH-188,20,8,2012,2nd half year
274,1219.5,0,175.4,13.1,Common mussels,SIC,SI-050,20,8,2012,2nd half year
275,1046.6,240.24,44.4,11.1,Common mussels,SIC,SI-035,22,8,2012,2nd half year
276,1823.2,100.1,183.1,9,Common mussels,SIC,SI-035,29,8,2012,2nd half year
277,3390.4,260.26,381.4,17.5,Common mussels,SIC,SI-288,29,8,2012,2nd half year
278,1726.4,40.04,200.1,9.9,Common mussels,SIC,SI-035,5,9,2012,2nd half year
279,1666.7,0,234.3,18,Common mussels,SIC,SI-242,19,9,2012,2nd half year
280,1402.1,0,282.4,15.2,Common mussels,SIC,SI-035,26,9,2012,2nd half year
281,1742.1,0,295.6,15.6,Common mussels,SIC,SI-242,26,9,2012,2nd half year
282,1333.2,0,98,14.8,Common mussels,SIC,SI-242,20,3,2013,1st half year
283,8319.2,160.16,863.6,16.6,Common mussels,CESLH,LH-891,26,6,2013,1st half year
284,6007.4,0,603.6,5.1,Common mussels,CESLH,LH-357,3,7,2013,2nd half year
285,1138.4,4744.74,126.9,4.8,Common mussels,HCSL,SL-137,8,7,2013,2nd half year
286,2385,20.02,319.7,8.8,Common mussels,SIC,SI-035,17,7,2013,2nd half year
287,4223,0,541,22.5,Common mussels,SIC,SI-242,17,7,2013,2nd half year
288,2483.7,20.02,275.8,5.5,Common mussels,SIC,SI-327,22,7,2013,2nd half year
289,5427.7,300.3,644.7,6.9,Common mussels,SIC,SI-035,24,7,2013,2nd half year
290,5373.5,0,534.5,7.4,Common mussels,SIC,SI-242,24,7,2013,2nd half year
291,1007,380.38,180.5,10.8,Common mussels,SIC,SI-321,29,7,2013,2nd half year
292,7574.7,220.22,906.4,10.5,Common mussels,SIC,SI-035,31,7,2013,2nd half year
293,3150.7,540.54,267.5,11.3,Common mussels,SIC,SI-035,7,8,2013,2nd half year
294,1563.5,800.8,298.1,7.3,Common mussels,SIC,SI-523,12,8,2013,2nd half year
295,3153.7,520.52,351.7,9.9,Common mussels,SIC,SI-324,13,8,2013,2nd half year
296,2978.1,120.12,307.9,10.5,Common mussels,SIC,SI-035,14,8,2013,2nd half year
297,1595.1,400.4,294.4,15.1,Common mussels,SIC,SI-288,14,8,2013,2nd half year
298,4364,0,423.9,9.8,Common mussels,SIC,SI-324,20,8,2013,2nd half year
299,2707.1,420.42,402,8.1,Common mussels,SIC,SI-288,21,8,2013,2nd half year
300,830.8,60.06,231.3,7.1,Pacific oysters,AGB,AB-130,2,9,2013,2nd half year
301,2342.6,0,249.2,9.8,Common mussels,CESLH,LH-185,24,9,2013,2nd half year
302,18049.9,0,1750.1,12.8,Common mussels,CESLH,LH-185,2,10,2013,2nd half year
303,9366.4,0,973.5,17.1,Common mussels,CESLH,LH-188,2,10,2013,2nd half year
304,1170.7,0,79.1,12.9,Common mussels,CESLH,LH-891,23,4,2014,1st half year
305,2388.3,80.08,283.7,4.9,Pacific oysters,AGB,AB-130,23,4,2014,1st half year
306,8914.8,60.06,890.7,9.9,Common mussels,HCSL,SL-137,28,4,2014,1st half year
307,2138.6,0,350.2,11.2,Common mussels,CESUB,UB-537,30,4,2014,1st half year
308,2223.3,20.02,424.3,10.9,Pacific oysters,AGB,AB-130,30,4,2014,1st half year
309,1262.5,20.02,217.2,13.3,Common mussels,HCS,HS-167,6,5,2014,1st half year
310,1529.5,0,97.5,11.5,Common mussels,CESLH,LH-357,14,5,2014,1st half year
311,1947.6,80.08,154.2,12.1,Common mussels,CESUB,UB-537,14,5,2014,1st half year
312,1438.4,20.02,121.5,1.2,Common mussels,SIC,SI-050,16,6,2014,1st half year
313,1818.1,20.02,267.5,9.1,Common cockles,CESLH,LH-249,18,6,2014,1st half year
314,8121.2,260.26,948.2,10.8,Common mussels,SIC,SI-321,23,6,2014,1st half year
315,3162.5,20.02,438.7,14.3,Common mussels,SIC,SI-324,24,6,2014,1st half year
316,2168.2,0,237.9,10.4,Common mussels,SIC,SI-035,25,6,2014,1st half year
317,3657.1,40.04,501.5,7.1,Common mussels,SIC,SI-080,25,6,2014,1st half year
318,2636.2,40.04,288.9,14.3,Common mussels,SIC,SI-288,25,6,2014,1st half year
319,10423.3,0,1128,15.8,Common mussels,SIC,SI-327,30,6,2014,1st half year
320,10309.5,20.02,969.3,9.2,Common mussels,SIC,SI-232,30,6,2014,1st half year
321,1800.2,200.2,280.5,7.6,Common mussels,SIC,SI-242,30,6,2014,1st half year
322,11890.8,20.02,1141.1,7.3,Common mussels,SIC,SI-321,30,6,2014,1st half year
323,1111.4,0,236.2,9.6,Common mussels,SIC,SI-232,14,7,2014,2nd half year
324,1026.7,160.16,111.3,7.8,Common mussels,SIC,SI-035,16,7,2014,2nd half year
325,1235.5,60.06,209.6,20.6,Common mussels,SIC,SI-327,21,7,2014,2nd half year
326,3315.3,40.04,297.2,14.2,Common mussels,SIC,SI-232,21,7,2014,2nd half year
327,837.3,800.8,213.6,14.2,Pacific oysters,AGB,AB-130,28,7,2014,2nd half year
328,787.3,160.16,167.1,11.7,Pacific oysters,AGB,AB-130,7,8,2014,2nd half year
329,1197.7,0,241.1,11.2,Common mussels,SIC,SI-035,20,8,2014,2nd half year
330,1082.8,0,157.4,10.4,Common mussels,SIC,SI-288,20,8,2014,2nd half year
331,1150.5,0,210.8,9.8,Common mussels,SIC,SI-080,27,8,2014,2nd half year
332,1236,80.08,187.5,7.6,Common mussels,HCS,HS-167,9,9,2014,2nd half year
333,2517.6,0,294.4,14.8,Common mussels,AGB,AB-205,16,9,2014,2nd half year
334,1180.8,0,97,8.3,Pacific oysters,AGB,AB-151,16,9,2014,2nd half year
335,3892.8,0,379.6,17.3,Common mussels,AGB,AB-205,23,9,2014,2nd half year
336,3383.2,0,359.7,11.7,Pacific oysters,AGB,AB-151,23,9,2014,2nd half year
337,5075.8,0,498.2,12.6,Razors,SAC,SA-337,23,9,2014,2nd half year
338,9759,0,920.8,11.1,Common mussels,AGB,AB-205,30,9,2014,2nd half year
339,3329.7,0,426.3,16.2,Common mussels,AGB,AB-205,14,10,2014,2nd half year
340,806.5,300.3,159.8,6.7,Pacific oysters,AGB,AB-130,30,3,2015,1st half year
341,1560.5,1041.04,170.7,5.8,Common mussels,HCSL,SL-137,8,6,2015,1st half year
342,8945.1,1761.76,927.1,18.5,Common mussels,HCL,HL-892,15,6,2015,1st half year
343,4148.6,20.02,384.2,0.3,Common mussels,HCSL,SL-137,15,6,2015,1st half year
344,3571.5,0,396.1,21.6,Common mussels,HCSL,SL-137,22,6,2015,1st half year
345,2937.2,160.16,240.8,14.6,Common mussels,HCL,HL-892,23,6,2015,1st half year
346,2088.2,0,364.1,16.4,Common mussels,HCS,HS-162,23,6,2015,1st half year
347,1408.6,20.02,277.7,11,Common mussels,HCS,HS-167,23,6,2015,1st half year
348,2206.3,0,257.5,5.8,Common mussels,HCSL,SL-137,29,6,2015,1st half year
349,2438.6,0,211.1,11.1,Common mussels,HCS,HS-167,30,6,2015,1st half year
350,1388.6,0,86.4,21.8,Common mussels,HCSL,SL-137,6,7,2015,2nd half year
351,2658.5,20.02,326.5,8,Common mussels,HCL,HL-892,7,7,2015,2nd half year
352,1866.7,20.02,195.4,12.8,Common mussels,HCS,HS-162,7,7,2015,2nd half year
353,2316.1,40.04,288.6,14.2,Common mussels,HCS,HS-167,7,7,2015,2nd half year
354,1133,0,124.5,16.3,Common mussels,CESLH,LH-357,13,7,2015,2nd half year
355,6636,40.04,803.6,13.2,Common mussels,CESLH,LH-357,20,7,2015,2nd half year
356,6970.5,20.02,645.7,14.4,Common mussels,CESLH,LH-357,27,7,2015,2nd half year
357,1265.6,0,142.8,14.6,Common mussels,HCL,HL-892,29,7,2015,2nd half year
358,1549.8,0,164.6,10.4,Common mussels,SIC,SI-035,29,7,2015,2nd half year
359,1044.1,20.02,78.6,4.3,Common mussels,SIC,SI-288,29,7,2015,2nd half year
360,1046.6,40.04,161.2,13.3,Common mussels,SIC,SI-327,3,8,2015,2nd half year
361,1133.6,0,216.9,9.3,Common mussels,SIC,SI-232,3,8,2015,2nd half year
362,1314.4,0,152.4,18.2,Common mussels,SIC,SI-242,3,8,2015,2nd half year
363,3249,0,297.3,8.1,Common mussels,SIC,SI-035,5,8,2015,2nd half year
364,1796.7,40.04,322.6,10.8,Common mussels,SIC,SI-080,5,8,2015,2nd half year
365,2341.6,0,320.6,7.9,Common mussels,SIC,SI-288,5,8,2015,2nd half year
366,3074.1,0,265.2,7,Common mussels,SIC,SI-326,10,8,2015,2nd half year
367,1019.7,0,106.8,9.8,Common mussels,SIC,SI-327,10,8,2015,2nd half year
368,1451.3,0,302.5,15.4,Common mussels,SIC,SI-232,10,8,2015,2nd half year
369,1850.6,20.02,159.4,15.4,Common mussels,SIC,SI-242,10,8,2015,2nd half year
370,1882.2,60.06,133.3,8.8,Common mussels,SIC,SI-321,10,8,2015,2nd half year
371,1144.8,20.02,203.5,15.6,Common mussels,SIC,SI-216,11,8,2015,2nd half year
372,4251.3,0,547.3,4.1,Common mussels,SIC,SI-035,12,8,2015,2nd half year
373,1406.3,0,119.7,12.5,Common mussels,SIC,SI-242,17,8,2015,2nd half year
374,1457,0,180.7,14.4,Common mussels,SIC,SI-216,18,8,2015,2nd half year
375,3127.1,0,242.9,11.9,Common mussels,SIC,SI-035,19,8,2015,2nd half year
376,4475.4,0,661.2,14.3,Pacific oysters,AGB,AB-286,15,9,2015,2nd half year
377,1499.8,0,181.5,9.8,Common mussels,HCL,HL-892,16,9,2015,2nd half year
378,1546.7,0,285.4,13.9,Common mussels,SIC,SI-035,16,9,2015,2nd half year
379,12709.7,0,1222.2,9.3,Common mussels,HCL,HL-892,21,9,2015,2nd half year
380,1128.3,20.02,107.8,8.5,Common mussels,SIC,SI-327,21,9,2015,2nd half year
381,2540.9,0,458.5,13.8,Pacific oysters,AGB,AB-286,22,9,2015,2nd half year
382,3144.2,0,286.4,12.1,Common mussels,HCL,HL-892,28,9,2015,2nd half year
383,1339.6,0,293.6,9.7,Common mussels,HCRC,RC-090,28,9,2015,2nd half year
384,3017.6,0,437.1,13.5,Pacific oysters,AGB,AB-286,29,9,2015,2nd half year
385,2943.9,0,365,9.7,Common mussels,SIC,SI-035,30,9,2015,2nd half year
386,2361.7,0,361.6,13.9,Pacific oysters,AGB,AB-286,13,10,2015,2nd half year
387,1955.7,0,307.7,8.1,Common mussels,HCS,HS-162,20,10,2015,2nd half year
388,1224.7,0,128.8,8.5,Common mussels,SIC,SI-896,14,3,2016,1st half year
389,1672.5,0,109.8,13.6,Common mussels,HCSL,SL-137,21,3,2016,1st half year
390,827.9,20.02,172.2,10.3,Pacific oysters,AGB,AB-130,30,3,2016,1st half year
391,790.8,0,155,7.4,Pacific oysters,AGB,AB-147,17,5,2016,1st half year
392,1316.4,160.16,140.8,12.6,Common mussels,AGB,AB-205,1,6,2016,1st half year
393,1731.8,120.12,228.2,9,Common mussels,HCS,HS-167,13,6,2016,1st half year
394,930.9,40.04,78,5.1,Pacific oysters,AGB,AB-130,15,6,2016,1st half year
395,1006.9,0,281.4,7.7,Pacific oysters,AGB,AB-130,20,6,2016,1st half year
396,6293.9,0,563.4,7.1,Common mussels,CESLH,LH-185,21,6,2016,1st half year
397,11290.1,20.02,1257,18.2,Common mussels,CESLH,LH-187,21,6,2016,1st half year
398,1273.2,200.2,62.7,9.6,Common mussels,CESLH,LH-357,27,6,2016,1st half year
399,4726.1,80.08,430.6,6.9,Common mussels,CESLH,LH-187,28,6,2016,1st half year
400,1469.8,460.46,252.5,11.8,Common mussels,SIC,SI-326,25,7,2016,2nd half year
401,5996.2,60.06,541.1,7.8,Common mussels,SIC,SI-321,25,7,2016,2nd half year
402,1469.8,0,254.2,2.8,Common mussels,AGB,AB-205,26,7,2016,2nd half year
403,1150.5,0,131.8,15.6,Common mussels,SIC,SI-288,15,8,2016,2nd half year
404,854.1,0,46.9,10.7,Pacific oysters,AGB,AB-147,23,8,2016,2nd half year
405,1030.5,0,107.3,13.9,Common mussels,SIC,SI-288,5,9,2016,2nd half year
406,1208.5,0,228.5,8.9,Common mussels,SIC,SI-288,12,9,2016,2nd half year
407,2190.4,0,161.2,15.8,Common mussels,SIC,SI-080,19,9,2016,2nd half year
408,1404.5,0,173.4,16.5,Common mussels,SIC,SI-288,19,9,2016,2nd half year
409,844.5,0,252.9,16.3,Pacific oysters,AGB,AB-286,4,10,2016,2nd half year
410,1275.8,0,181.9,11,Pacific oysters,AGB,AB-286,18,10,2016,2nd half year
411,1100.9,20.02,103.9,17.7,Common mussels,SIC,SI-080,3,4,2017,1st half year
412,1010.6,40.04,64.7,12,Common mussels,HCSL,SL-137,24,4,2017,1st half year
413,1091,0,163.5,7.9,Razors,FC,FF-072,24,4,2017,1st half year
414,2492.5,20.02,252.7,13.6,Common mussels,HCSL,SL-137,2,5,2017,1st half year
415,2693.5,0,216.2,20.1,Common mussels,HCSL,SL-137,8,5,2017,1st half year
416,1028.9,0,29.7,12.6,Razors,FC,FF-072,23,5,2017,1st half year
417,7315.7,260.26,840.8,4.7,Common mussels,CESLH,LH-185,20,6,2017,1st half year
418,19816.9,440.44,1972,12.7,Common mussels,CESLH,LH-187,20,6,2017,1st half year
419,1230.1,0,84.8,16.7,Common cockles,AGB,AB-029,26,6,2017,1st half year
420,1475.4,340.34,122.9,13.8,Common mussels,CESLH,LH-185,27,6,2017,1st half year
421,1084.1,0,149,14.4,Common mussels,SIC,SI-326,3,7,2017,2nd half year
422,2126.8,0,214.7,8.9,Common mussels,SIC,SI-080,3,7,2017,2nd half year
423,1712.2,0,307,12.9,Common mussels,SIC,SI-288,3,7,2017,2nd half year
424,6303.7,0,678.5,12.4,Common mussels,SIC,SI-321,3,7,2017,2nd half year
425,1137.7,0,136.3,12.9,Common mussels,SIC,SI-324,4,7,2017,2nd half year
426,1644,0,240.7,11.7,Common mussels,SIC,SI-035,4,7,2017,2nd half year
427,5047.8,0,517,3.2,Common mussels,SIC,SI-216,4,7,2017,2nd half year
428,1301,0,161.3,11.5,Common cockles,AGB,AB-029,10,7,2017,2nd half year
429,23827.3,0,2326.6,14.3,Common mussels,SIC,SI-326,10,7,2017,2nd half year
430,7945.2,0,866.9,10.3,Common mussels,SIC,SI-327,10,7,2017,2nd half year
431,4035.5,0,426,16.3,Common mussels,SIC,SI-080,10,7,2017,2nd half year
432,4391.6,0,406.8,14.6,Common mussels,SIC,SI-232,10,7,2017,2nd half year
433,8419,0,848.6,13.3,Common mussels,SIC,SI-288,10,7,2017,2nd half year
434,5400.1,0,616.2,10.1,Common mussels,SIC,SI-321,10,7,2017,2nd half year
435,2882.2,0,262.6,13.3,Common mussels,SIC,SI-297,10,7,2017,2nd half year
436,2208.4,0,341.9,18.6,Common mussels,SIC,SI-324,11,7,2017,2nd half year
437,8823,0,978.3,17.9,Common mussels,SIC,SI-035,11,7,2017,2nd half year
438,3240.4,0,421.7,13.9,Common mussels,SIC,SI-050,11,7,2017,2nd half year
439,6477,0,766,12,Common mussels,SIC,SI-216,11,7,2017,2nd half year
440,1434.7,0,190.7,21,Common mussels,SIC,SI-242,11,7,2017,2nd half year
441,833.1,0,119.2,10.3,Pacific oysters,AGB,AB-151,11,7,2017,2nd half year
442,9218.6,0,867.4,10.5,Common mussels,SIC,SI-326,17,7,2017,2nd half year
443,4493.7,20.02,526.2,10.5,Common mussels,SIC,SI-327,17,7,2017,2nd half year
444,7828,0,876,15.4,Common mussels,SIC,SI-080,17,7,2017,2nd half year
445,1069.3,0,174.7,13.3,Common mussels,SIC,SI-232,17,7,2017,2nd half year
446,9813.1,0,946.5,15.1,Common mussels,SIC,SI-288,17,7,2017,2nd half year
447,4224.3,0,377.3,10.5,Common mussels,SIC,SI-321,17,7,2017,2nd half year
448,4219,0,378.2,16.8,Common mussels,SIC,SI-297,17,7,2017,2nd half year
449,1381.2,0,171.1,11.9,Pacific oysters,AGB,AB-151,17,7,2017,2nd half year
450,1090.8,20.02,252.5,10.7,Razors,SAC,SA-337,17,7,2017,2nd half year
451,14245.1,20.02,1468.3,13.4,Common mussels,SIC,SI-324,18,7,2017,2nd half year
452,6930.1,0,736.5,11.9,Common mussels,SIC,SI-035,18,7,2017,2nd half year
453,9389.8,0,1017.7,7.6,Common mussels,SIC,SI-050,18,7,2017,2nd half year
454,13828,0,1492.2,12,Common mussels,SIC,SI-216,18,7,2017,2nd half year
455,803.9,0,42.9,9.9,Pacific oysters,HCSL,SL-159,18,7,2017,2nd half year
456,4452.9,0,497.8,17.2,Common mussels,SIC,SI-326,24,7,2017,2nd half year
457,2275.4,0,372.6,10.2,Common mussels,SIC,SI-327,24,7,2017,2nd half year
458,1084.1,0,181.1,15.9,Common mussels,SIC,SI-080,24,7,2017,2nd half year
459,3065.9,0,407.6,18.9,Common mussels,SIC,SI-297,24,7,2017,2nd half year
460,3505.7,0,312.9,14.6,Common mussels,SIC,SI-324,25,7,2017,2nd half year
461,5827.9,0,680.2,15.6,Common mussels,SIC,SI-050,25,7,2017,2nd half year
462,5596.1,0,661.3,5.7,Common mussels,SIC,SI-216,25,7,2017,2nd half year
463,891.4,140.14,262.6,11.4,Pacific oysters,AGB,AB-286,25,7,2017,2nd half year
464,9182.4,0,914,13.1,Common mussels,SIC,SI-035,26,7,2017,2nd half year
465,1125.6,0,200.3,14.2,Common mussels,SIC,SI-080,31,7,2017,2nd half year
466,2017.8,0,296.8,12.8,Common mussels,SIC,SI-324,1,8,2017,2nd half year
467,1684.4,20.02,191.9,10.7,Common mussels,SIC,SI-035,1,8,2017,2nd half year
468,1010.6,0,29.8,8.1,Common mussels,SIC,SI-050,15,8,2017,2nd half year
469,1332.7,0,291.5,18.8,Common mussels,SIC,SI-035,16,8,2017,2nd half year
470,1564.6,120.12,280.5,10.1,Common mussels,SIC,SI-297,21,8,2017,2nd half year
471,1175.8,0,196.8,11,Common mussels,SIC,SI-035,22,8,2017,2nd half year
472,2117.5,0,178.3,6.6,Common mussels,SIC,SI-050,22,8,2017,2nd half year
473,1791.3,20.02,156.8,2.5,Common mussels,SIC,SI-080,28,8,2017,2nd half year
474,4299.2,20.02,503.9,12.2,Common mussels,SIC,SI-242,28,8,2017,2nd half year
475,2245.8,40.04,215.8,9.2,Common mussels,SIC,SI-297,28,8,2017,2nd half year
476,1823.4,20.02,321,12.6,Common mussels,SIC,SI-035,29,8,2017,2nd half year
477,1306.5,0,97.6,14.1,Common mussels,SIC,SI-050,29,8,2017,2nd half year
478,2573.5,20.02,370.4,16.7,Common mussels,SIC,SI-035,5,9,2017,2nd half year
479,2341.5,20.02,357.7,9.4,Common mussels,SIC,SI-050,5,9,2017,2nd half year
480,1299.4,0,106.1,16.7,Common mussels,SIC,SI-327,6,9,2017,2nd half year
481,3807.2,20.02,442.7,11.9,Common mussels,SIC,SI-080,6,9,2017,2nd half year
482,1116.8,0,188.8,11.3,Common mussels,SIC,SI-232,6,9,2017,2nd half year
483,4540,20.02,484.4,13.8,Common mussels,SIC,SI-297,6,9,2017,2nd half year
484,3064.4,0,335.3,13.1,Common mussels,SIC,SI-327,11,9,2017,2nd half year
485,2743.1,0,303.9,17.3,Common mussels,SIC,SI-080,11,9,2017,2nd half year
486,1435.1,0,171.4,11.1,Common mussels,SIC,SI-288,11,9,2017,2nd half year
487,1208.5,40.04,264.5,8.3,Common mussels,SIC,SI-297,11,9,2017,2nd half year
488,3598.7,0,442.7,17.2,Common mussels,SIC,SI-050,12,9,2017,2nd half year
489,2030.3,0,284.1,14.7,Common mussels,SIC,SI-321,18,9,2017,2nd half year
490,1611.3,0,265.3,13.3,Common mussels,SIC,SI-050,19,9,2017,2nd half year
491,808.1,0,189.7,10.1,Pacific oysters,AGB,AB-286,19,9,2017,2nd half year
492,3532.7,0,408.1,6,Common mussels,SIC,SI-326,20,9,2017,2nd half year
493,3258.6,0,330.7,13,Common mussels,SIC,SI-327,25,9,2017,2nd half year
494,1840.8,0,332.6,6,Common mussels,SIC,SI-232,25,9,2017,2nd half year
495,1197.8,0,63.1,13.1,Common mussels,SIC,SI-321,25,9,2017,2nd half year
496,1095.2,0,187.9,16.4,Common mussels,SIC,SI-297,25,9,2017,2nd half year
497,1311,0,240.6,7.8,Common mussels,SIC,SI-050,26,9,2017,2nd half year
498,1370.3,20.02,188.3,14.9,Common cockles,CESLH,LH-249,11,4,2018,1st half year
499,2130.6,3483.48,315.5,12.7,Pacific oysters,HCSL,SL-159,29,5,2018,1st half year
500,1010.7,100.1,181,18.3,Common mussels,HCS,HS-157,31,5,2018,1st half year
501,2475.8,0,342.1,12.1,Common mussels,SIC,SI-324,4,6,2018,1st half year
502,2219.1,20.02,295.8,15.6,Common mussels,SIC,SI-797,4,6,2018,1st half year
503,2491.8,40.04,249.4,10.4,Common mussels,HCS,HS-157,5,6,2018,1st half year
504,2406.2,0,188.5,12.1,Common mussels,HCSL,SL-137,11,6,2018,1st half year
505,2720.6,60.06,252.1,11.3,Common mussels,HCS,HS-157,11,6,2018,1st half year
506,7098.8,20.02,986.4,16.5,Pacific oysters,HCSL,SL-159,11,6,2018,1st half year
507,4020.7,0,462.2,10.8,Common mussels,SIC,SI-324,12,6,2018,1st half year
508,1911.5,60.06,211.7,19.7,Common mussels,CESLH,LH-057,13,6,2018,1st half year
509,5943,0,849.9,11.2,Pacific oysters,HCSL,SL-159,17,6,2018,1st half year
510,9293.5,80.08,881.2,16.8,Common mussels,HCSL,SL-137,18,6,2018,1st half year
511,1118.6,300.3,108.3,7.6,Common mussels,CESLH,LH-187,19,6,2018,1st half year
512,1175.5,140.14,141.3,15.3,Common mussels,HCS,HS-157,19,6,2018,1st half year
513,6202.8,20.02,637.1,16.5,Common mussels,CESLH,LH-057,20,6,2018,1st half year
514,3361.6,40.04,493.9,8.8,Common mussels,CESLH,LH-168,25,6,2018,1st half year
515,5857.4,0,640,10.6,Common mussels,HCRC,RC-090,25,6,2018,1st half year
516,2304.7,60.06,296,0.4,Common mussels,HCSL,SL-137,25,6,2018,1st half year
517,15296.6,0,1581.5,3.3,Common mussels,CESLH,LH-057,27,6,2018,1st half year
518,1407.9,0,135.3,10.4,Pacific oysters,AGB,AB-147,4,7,2018,2nd half year
519,1096.2,0,165,9.2,Common mussels,SIC,SI-080,30,7,2018,2nd half year
520,1546.7,20.02,91.3,13.8,Common mussels,SIC,SI-242,30,7,2018,2nd half year
521,1524.2,80.08,266.4,11.9,Common mussels,SIC,SI-288,30,7,2018,2nd half year
522,1312,0,275.4,8.5,Common cockles,AGB,AB-029,31,7,2018,2nd half year
523,1463.9,200.2,196.1,12.5,Common mussels,AGB,AB-200,31,7,2018,2nd half year
524,984.1,3463.46,185.8,7.3,Pacific oysters,AGB,AB-130,31,7,2018,2nd half year
525,1475.8,0,152.2,13,Razors,SAC,SA-337,31,7,2018,2nd half year
526,1077.8,0,75.2,8,Common mussels,HCS,HS-167,28,8,2018,2nd half year
527,1241.1,20.02,115.2,8.1,Common mussels,HCL,HL-892,4,9,2018,2nd half year
528,2085.3,40.04,335.1,6.1,Common mussels,HCS,HS-157,4,9,2018,2nd half year
529,1466.2,20.02,277.8,14.1,Pacific oysters,HCSL,SL-159,10,9,2018,2nd half year
530,1656.8,0,277.7,10.5,Pacific oysters,HCSL,SL-159,17,9,2018,2nd half year
531,1164.5,80.08,230,11.1,Razors,SAC,SA-337,27,3,2019,1st half year
532,2138.9,80.08,340.7,16.5,Common mussels,HCL,HL-892,1,4,2019,1st half year
533,1048.7,80.08,204.8,12.9,Pacific oysters,AGB,AB-130,3,4,2019,1st half year
534,3185.8,60.06,444,14.4,Common mussels,AGB,AB-200,10,4,2019,1st half year
535,903.7,0,61.5,15.8,Pacific oysters,AGB,AB-130,10,4,2019,1st half year
536,1107.7,0,246.5,9.3,Common mussels,CESLH,LH-168,15,4,2019,1st half year
537,2609.5,0,366.9,12.4,Common mussels,HCL,HL-136,23,4,2019,1st half year
538,821.5,60.06,218.8,6.2,Pacific oysters,HCL,HL-004,6,5,2019,1st half year
539,1402.4,60.06,242.3,13.6,Pacific oysters,AGB,AB-147,8,5,2019,1st half year
540,898.3,120.12,84.5,10.6,Pacific oysters,HCL,HL-004,21,5,2019,1st half year
541,3561.7,20.02,463.3,9.1,Common mussels,SIC,SI-035,18,6,2019,1st half year
542,2301,60.06,201.7,15.6,Common mussels,SIC,SI-050,18,6,2019,1st half year
543,1042.7,240.24,157.6,5,Common mussels,CESLH,LH-185,25,6,2019,1st half year
544,1208.4,100.1,224.3,1.2,Common mussels,CESLH,LH-187,25,6,2019,1st half year
545,2287.5,0,259,9.8,Common mussels,SIC,SI-050,25,6,2019,1st half year
546,2256.5,0,316,14.3,Common mussels,SIC,SI-080,15,7,2019,2nd half year
547,1272.6,0,159,18.6,Common mussels,SIC,SI-288,15,7,2019,2nd half year
548,3065,0,286,15,Common mussels,SIC,SI-297,15,7,2019,2nd half year
549,2683.7,0,288.8,10.1,Pacific oysters,HCSL,SL-159,15,7,2019,2nd half year
550,1032,20.02,129.6,13.9,Common mussels,AGB,AB-200,16,7,2019,2nd half year
551,974.8,0,62.2,12.2,Pacific oysters,HCSL,SL-159,22,7,2019,2nd half year
552,1457.5,20.02,173.6,6.7,Common mussels,AGB,AB-200,30,7,2019,2nd half year
553,1543.5,0,180.2,12.5,Common mussels,HCS,HS-157,31,7,2019,2nd half year
554,1857.1,220.22,206.9,12.1,Pacific oysters,AGB,AB-308,31,7,2019,2nd half year
555,1282.6,60.06,137.1,10.9,Common mussels,AGB,AB-200,6,8,2019,2nd half year
556,5086.3,0,626.2,20.3,Common mussels,HCS,HS-157,6,8,2019,2nd half year
557,1617.4,0,169.9,17.3,Pacific oysters,NAC,NA-065,14,8,2019,2nd half year
558,2581.6,0,343.4,14.6,Common mussels,SIC,SI-050,28,8,2019,2nd half year
559,8202.4,0,823.1,13.6,Common mussels,HCRC,RC-090,23,3,2020,1st half year
560,2969.2,0,354.8,15.6,Pacific oysters,HCRC,RC-625,24,3,2020,1st half year
561,1850.6,20.02,254.3,11.4,Common mussels,HCL,HL-892,31,3,2020,1st half year
562,1593.5,0,189.7,10.6,Common mussels,SIC,SI-327,6,4,2020,1st half year
563,3140.2,0,309,15.5,Common mussels,SIC,SI-232,6,4,2020,1st half year
564,1151.6,120.12,97.6,20,Pacific oysters,HCRC,RC-625,6,4,2020,1st half year
565,1181.7,0,84,11.7,Common mussels,SIC,SI-242,7,4,2020,1st half year
566,1211.4,0,79.5,11.4,Common mussels,SIC,SI-232,13,4,2020,1st half year
567,849,40.04,108.4,17.1,Pacific oysters,HCSL,SL-159,14,4,2020,1st half year
568,1252,20.02,261.8,14,Common mussels,HCL,HL-892,21,4,2020,1st half year
569,1051.6,0,175.2,8.9,Common mussels,CESLH,LH-057,22,4,2020,1st half year
570,1367.1,60.06,271.8,15.5,Common mussels,CESLH,LH-168,22,4,2020,1st half year
571,1166.3,0,147.5,10.5,Pacific oysters,AGB,AB-151,26,5,2020,1st half year
572,962.2,120.12,225.4,7.2,Pacific oysters,HCSL,SL-159,1,6,2020,1st half year
573,1174.7,0,204.7,11.1,Pacific oysters,HCSL,SL-159,8,6,2020,1st half year
574,1407.7,0,162.8,8.1,Common mussels,SIC,SI-327,15,6,2020,1st half year
575,1666.2,0,235.8,9.1,Pacific oysters,HCSL,SL-159,15,6,2020,1st half year
576,4977.8,20.02,793.8,17.4,Pacific oysters,HCRC,RC-625,22,6,2020,1st half year
577,1017.5,20.02,102.9,15.1,Pacific oysters,HCSL,SL-159,22,6,2020,1st half year
578,1414.4,40.04,242.1,10.8,Common mussels,CESLH,LH-168,23,6,2020,1st half year
579,4764.4,60.06,469.5,12.7,Common mussels,HCS,HS-157,23,6,2020,1st half year
580,2955.4,0,282.1,13.5,Common mussels,HCS,HS-167,23,6,2020,1st half year
581,4763.9,0,540.9,4.6,Common mussels,SIC,SI-050,23,6,2020,1st half year
582,2703.4,20.02,309.4,17.3,Pacific oysters,HCS,HS-103,23,6,2020,1st half year
583,4208.3,0,384.2,14.8,Common mussels,HCRC,RC-090,24,6,2020,1st half year
584,1049.6,0,161.1,11.8,Common mussels,SIC,SI-326,29,6,2020,1st half year
585,11624.9,40.04,1200.6,13.4,Common mussels,SIC,SI-050,30,6,2020,1st half year
586,999.7,40.04,78.7,10.6,Pacific oysters,HCS,HS-103,30,6,2020,1st half year
587,5828.5,20.02,613.7,15.4,Common mussels,SIC,SI-080,6,7,2020,2nd half year
588,2422.4,0,261.3,10.8,Common mussels,SIC,SI-242,6,7,2020,2nd half year
589,1401.7,0,169.4,11.7,Common mussels,SIC,SI-288,6,7,2020,2nd half year
590,3322.9,20.02,352.3,12.7,Common mussels,SIC,SI-321,6,7,2020,2nd half year
591,1657.6,0,263.7,12.2,Common mussels,SIC,SI-297,6,7,2020,2nd half year
592,2301,0,196.7,20.8,Common mussels,SIC,SI-324,7,7,2020,2nd half year
593,1513.3,40.04,245.6,19.1,Common mussels,SIC,SI-050,7,7,2020,2nd half year
594,1957.1,420.42,334.1,10.1,Common mussels,SIC,SI-797,7,7,2020,2nd half year
595,8074.3,0,955.5,12,Common mussels,SIC,SI-326,8,7,2020,2nd half year
596,5855.5,20.02,631.7,8.8,Common mussels,SIC,SI-327,8,7,2020,2nd half year
597,4235,0,485.9,16.6,Common mussels,SIC,SI-232,8,7,2020,2nd half year
598,4053.2,0,472.6,8.7,Common mussels,SIC,SI-326,13,7,2020,2nd half year
599,1488.9,80.08,156.3,7.5,Common mussels,SIC,SI-324,13,7,2020,2nd half year
600,2537.9,0,312.4,10.6,Common mussels,SIC,SI-327,13,7,2020,2nd half year
601,6074.5,20.02,728,11.4,Common mussels,SIC,SI-080,13,7,2020,2nd half year
602,4833.9,0,493,15.8,Common mussels,SIC,SI-232,13,7,2020,2nd half year
603,2299.3,40.04,221.8,11.7,Common mussels,SIC,SI-242,13,7,2020,2nd half year
604,2632.8,40.04,413.6,13.1,Common mussels,SIC,SI-288,13,7,2020,2nd half year
605,1475.8,40.04,234.8,15,Common mussels,SIC,SI-321,13,7,2020,2nd half year
606,2333.9,0,347.5,10.8,Common mussels,SIC,SI-297,13,7,2020,2nd half year
607,1671,0,176.2,11.5,Common mussels,SIC,SI-035,14,7,2020,2nd half year
608,1925,0,184.6,17.5,Common mussels,SIC,SI-242,20,7,2020,2nd half year
609,2513.2,0,381.8,4.5,Common mussels,SIC,SI-297,20,7,2020,2nd half year
610,3018.4,0,248.8,16.3,Common mussels,SIC,SI-035,21,7,2020,2nd half year
611,1454.5,0,240.9,12.3,Common mussels,SIC,SI-035,28,7,2020,2nd half year
612,2497.3,40.04,343.4,16.4,Common mussels,SIC,SI-326,3,8,2020,2nd half year
613,1229.9,0,260,14,Common mussels,SIC,SI-327,3,8,2020,2nd half year
614,1864.4,0,201.1,14.6,Common mussels,SIC,SI-326,10,8,2020,2nd half year
615,1068.2,80.08,149.3,13.3,Common mussels,CESLH,LH-187,11,8,2020,2nd half year
616,1719.4,0,156.9,7.2,Common mussels,SIC,SI-232,17,8,2020,2nd half year
617,2096.1,160.16,272,8.6,Common mussels,SIC,SI-324,18,8,2020,2nd half year
618,1475.4,0,180,9.7,Common mussels,SIC,SI-797,18,8,2020,2nd half year
619,3397.4,0,461.7,1.8,Common mussels,SIC,SI-326,24,8,2020,2nd half year
620,1529.3,0,163,17.6,Common mussels,SIC,SI-327,24,8,2020,2nd half year
621,3604,20.02,486,13.6,Common mussels,SIC,SI-232,24,8,2020,2nd half year
622,1540,60.06,244,10.1,Common mussels,SIC,SI-321,24,8,2020,2nd half year
623,1213.8,100.1,233.6,13.8,Common mussels,SIC,SI-035,26,8,2020,2nd half year
624,1394.1,0,185.8,10,Common mussels,SIC,SI-326,31,8,2020,2nd half year
625,1634.7,0,300.5,7,Common mussels,SIC,SI-327,31,8,2020,2nd half year
626,3101.4,0,258.1,9.3,Common mussels,SIC,SI-080,31,8,2020,2nd half year
627,2585.2,0,335,7.5,Common mussels,SIC,SI-232,31,8,2020,2nd half year
628,2673.6,0,272.5,13.1,Common mussels,SIC,SI-321,31,8,2020,2nd half year
629,1144.3,0,178.4,10.5,Common mussels,HCL,HL-892,1,9,2020,2nd half year
630,3217.8,40.04,283.6,6.4,Common mussels,SIC,SI-035,1,9,2020,2nd half year
631,4005,0,497,7.8,Common mussels,SIC,SI-080,8,9,2020,2nd half year
632,1240.6,0,253.2,15.3,Common mussels,SIC,SI-327,9,9,2020,2nd half year
633,2128.2,20.02,243.9,14.5,Common mussels,SIC,SI-232,9,9,2020,2nd half year
634,1053.4,0,53.6,10.3,Common mussels,SIC,SI-326,14,9,2020,2nd half year
635,2855.4,0,295.6,13.3,Common mussels,SIC,SI-327,14,9,2020,2nd half year
636,1807.4,0,266.5,17.6,Common mussels,SIC,SI-080,14,9,2020,2nd half year
637,4293.8,0,466.9,13.9,Common mussels,SIC,SI-232,14,9,2020,2nd half year
638,3432.9,60.06,336.4,16.2,Common mussels,SIC,SI-035,15,9,2020,2nd half year
639,1208.5,0,191.6,21,Common mussels,SIC,SI-326,21,9,2020,2nd half year
640,2310,0,190.6,15.9,Common mussels,SIC,SI-327,21,9,2020,2nd half year
641,1170.7,0,185.3,14.3,Common mussels,SIC,SI-080,21,9,2020,2nd half year
642,2903.3,0,302.5,4.2,Common mussels,SIC,SI-232,21,9,2020,2nd half year
643,1235.2,0,190.2,16.1,Common mussels,SIC,SI-288,21,9,2020,2nd half year
644,1775.3,0,182.3,22.8,Common mussels,SIC,SI-035,23,9,2020,2nd half year
645,1509.2,0,211.4,14.3,Common mussels,SIC,SI-326,28,9,2020,2nd half year
646,2149.6,0,313.7,14.4,Common mussels,SIC,SI-327,28,9,2020,2nd half year
647,2206.3,0,207.1,9.7,Common mussels,SIC,SI-232,28,9,2020,2nd half year
648,1400.9,0,194.2,20.6,Common mussels,SIC,SI-035,30,9,2020,2nd half year
649,2612.3,0,301.4,10.8,Common mussels,AGB,AB-200,23,3,2021,1st half year
650,874.7,0,110.4,20.7,Pacific oysters,HCSL,SL-159,7,4,2021,1st half year
651,1812.7,20.02,315,7.6,Common mussels,AGB,AB-200,13,4,2021,1st half year
652,1213.9,0,62,9.8,Common mussels,SIC,SI-327,13,4,2021,1st half year
653,2458.2,0,255.8,16.3,Common mussels,SIC,SI-232,13,4,2021,1st half year
654,3038.2,0,233.6,23.6,Common mussels,CESLH,LH-168,27,4,2021,1st half year
655,1699.5,20.02,189.9,14.3,Common mussels,HCL,HL-892,27,4,2021,1st half year
656,1513.3,20.02,132.7,13.8,Common mussels,HCL,HL-892,4,5,2021,1st half year
657,2530.3,0,248.8,15.8,Common mussels,HCSL,SL-137,10,5,2021,1st half year
658,10416.4,0,1019,18.8,Common mussels,HCL,HL-892,11,5,2021,1st half year
659,1290.3,0,238.6,8.5,Pacific oysters,HCRC,RC-625,12,5,2021,1st half year
660,2035.9,80.08,171.9,13.6,Common mussels,HCS,HS-167,17,5,2021,1st half year
661,5510.3,120.12,523.3,10.7,Common mussels,HCL,HL-892,18,5,2021,1st half year
662,6069.1,80.08,632.7,10.1,Common mussels,HCS,HS-167,24,5,2021,1st half year
663,1596.9,0,91.7,9.9,Common mussels,CESLH,LH-168,25,5,2021,1st half year
664,2874.2,480.48,296.9,6.3,Common mussels,HCL,HL-892,1,6,2021,1st half year
665,2756.4,0,374.9,11.3,Pacific oysters,HCS,HS-103,2,6,2021,1st half year
666,1845.1,1081.08,232.9,14.8,Common mussels,HCS,HS-157,7,6,2021,1st half year
667,2310,100.1,202,11,Common mussels,HCS,HS-167,7,6,2021,1st half year
668,3630,60.06,445.1,21,Pacific oysters,HCS,HS-103,7,6,2021,1st half year
669,7207.8,0,815.2,13,Common cockles,AGB,AB-029,14,6,2021,1st half year
670,1262.5,0,216.1,16.2,Common mussels,SIC,SI-080,21,6,2021,1st half year
671,1122.9,0,83.7,12.1,Common mussels,SIC,SI-288,21,6,2021,1st half year
672,2149.6,20.02,174.7,8.1,Common mussels,SIC,SI-321,21,6,2021,1st half year
673,1069.3,20.02,44.6,16.6,Common mussels,SIC,SI-297,21,6,2021,1st half year
674,1056.5,20.02,243.6,11.8,Common mussels,SIC,SI-326,22,6,2021,1st half year
675,4377.8,0,482.6,15.4,Common mussels,SIC,SI-327,22,6,2021,1st half year
676,2710.9,0,201.8,14.2,Common mussels,SIC,SI-232,22,6,2021,1st half year
677,3485.2,20.02,294.5,20.2,Common mussels,SIC,SI-035,23,6,2021,1st half year
678,1251.7,0,231.2,16.3,Common cockles,AGB,AB-029,28,6,2021,1st half year
679,17404.6,20.02,1802.2,13.1,Common mussels,SIC,SI-080,28,6,2021,1st half year
680,13291.7,0,1313.6,17.9,Common mussels,SIC,SI-242,28,6,2021,1st half year
681,9529,0,950.1,23,Common mussels,SIC,SI-288,28,6,2021,1st half year
682,13369,0,1396.3,13.4,Common mussels,SIC,SI-321,28,6,2021,1st half year
683,18811.6,0,1839,8.6,Common mussels,SIC,SI-297,28,6,2021,1st half year
684,8905.8,0,867.1,7.3,Common mussels,SIC,SI-326,29,6,2021,1st half year
685,15840.3,0,1516,16.1,Common mussels,SIC,SI-327,29,6,2021,1st half year
686,11297.3,0,1073.8,19.5,Common mussels,SIC,SI-232,29,6,2021,1st half year
687,14611.2,20.02,1567.6,11.5,Common mussels,SIC,SI-035,30,6,2021,1st half year
688,2535.7,0,282.3,2.8,Common cockles,AGB,AB-029,5,7,2021,2nd half year
689,6429.3,0,617.5,11.4,Common mussels,SIC,SI-080,5,7,2021,2nd half year
690,2711,0,215.8,12.1,Common mussels,SIC,SI-242,5,7,2021,2nd half year
691,7261.8,0,783.2,15,Common mussels,SIC,SI-288,5,7,2021,2nd half year
692,21643,60.06,2297.8,4.6,Common mussels,SIC,SI-321,5,7,2021,2nd half year
693,4336.4,0,550.4,11.6,Common mussels,SIC,SI-297,5,7,2021,2nd half year
694,14774,0,1424.6,7.8,Common mussels,SIC,SI-326,6,7,2021,2nd half year
695,21709.6,40.04,2141.1,4.4,Common mussels,SIC,SI-327,6,7,2021,2nd half year
696,21148.7,0,2138.3,7.3,Common mussels,SIC,SI-232,6,7,2021,2nd half year
697,1487.8,0,217.2,8.5,Pacific oysters,NAC,NA-065,6,7,2021,2nd half year
698,11192.1,0,1169.9,15.2,Common mussels,SIC,SI-035,7,7,2021,2nd half year
699,1912.3,40.04,364.5,12.6,Pacific oysters,AGB,AB-151,7,7,2021,2nd half year
700,13487.7,0,1328.6,14.9,Common cockles,AGB,AB-029,12,7,2021,2nd half year
701,1110.5,0,96.4,10.6,Common mussels,SIC,SI-242,12,7,2021,2nd half year
702,1288.9,20.02,201.7,6.9,Common mussels,SIC,SI-288,12,7,2021,2nd half year
703,2016.8,0,276.9,11.1,Common mussels,SIC,SI-321,12,7,2021,2nd half year
704,2071.5,20.02,329.7,12.8,Common mussels,SIC,SI-297,12,7,2021,2nd half year
705,2048,0,164.3,5.4,Common mussels,SIC,SI-326,13,7,2021,2nd half year
706,4898.7,0,587.2,19.5,Common mussels,SIC,SI-232,13,7,2021,2nd half year
707,9131.1,0,1290.5,5.7,Pacific oysters,NAC,NA-065,13,7,2021,2nd half year
708,5561.1,0,539.6,8.9,Common mussels,SIC,SI-035,14,7,2021,2nd half year
709,2510.4,0,386.5,14.4,Pacific oysters,AGB,AB-147,14,7,2021,2nd half year
710,1199.5,0,270.3,15.9,Pacific oysters,AGB,AB-151,14,7,2021,2nd half year
711,6231.6,0,729.6,12.4,Pacific oysters,NAC,NA-065,19,7,2021,2nd half year
712,16080.5,20.02,1696.5,13.5,Common cockles,AGB,AB-029,20,7,2021,2nd half year
713,2703.4,60.06,458.7,16.3,Pacific oysters,AGB,AB-151,20,7,2021,2nd half year
714,1521.4,0,286.7,19.5,Common mussels,SIC,SI-035,21,7,2021,2nd half year
715,7958.6,0,896.9,9.7,Common cockles,AGB,AB-029,26,7,2021,2nd half year
716,1103.8,0,264,10.7,Pacific oysters,AGB,AB-151,28,7,2021,2nd half year
717,2298.3,0,256.9,10.7,Common mussels,HCL,HL-892,3,8,2021,2nd half year
718,816.5,0,95.5,8.2,Pacific oysters,NAC,NA-065,3,8,2021,2nd half year
719,1326.5,0,77.8,13.9,Common mussels,SIC,SI-326,10,8,2021,2nd half year
720,1306.5,20.02,225.2,15.7,Common mussels,SIC,SI-327,10,8,2021,2nd half year
721,1305.6,20.02,182.6,10.1,Common mussels,SIC,SI-035,18,8,2021,2nd half year
722,2363.1,40.04,260,12.2,Common mussels,SIC,SI-080,23,8,2021,2nd half year
723,1063.4,60.06,156.1,10.6,Common mussels,SIC,SI-288,23,8,2021,2nd half year
724,1769.6,180.18,265.1,14.3,Common mussels,SIC,SI-297,23,8,2021,2nd half year
725,1084.1,180.18,245.3,7,Common mussels,SIC,SI-326,24,8,2021,2nd half year
726,1026.6,80.08,237.8,13.7,Common mussels,SIC,SI-050,24,8,2021,2nd half year
727,1818.2,80.08,209.9,10.8,Common mussels,SIC,SI-035,25,8,2021,2nd half year
728,1088.7,0,107.3,24.6,Common mussels,SIC,SI-080,30,8,2021,2nd half year
729,3193.9,260.26,297.7,13.9,Common mussels,SIC,SI-242,30,8,2021,2nd half year
730,2535.7,20.02,394.8,9.5,Common mussels,SIC,SI-288,30,8,2021,2nd half year
731,5358.4,220.22,583.3,11,Common mussels,SIC,SI-297,30,8,2021,2nd half year
732,2577.4,20.02,287.9,8.6,Common mussels,SIC,SI-327,31,8,2021,2nd half year
733,6722.3,0,607,8.1,Common mussels,SIC,SI-035,1,9,2021,2nd half year
734,10448.5,100.1,982.5,13.4,Common mussels,SIC,SI-080,6,9,2021,2nd half year
735,2816.2,40.04,381.3,10,Common mussels,SIC,SI-242,6,9,2021,2nd half year
736,2955.4,0,364.7,15.8,Common mussels,SIC,SI-288,6,9,2021,2nd half year
737,3603.9,20.02,426.5,14.1,Common mussels,SIC,SI-297,6,9,2021,2nd half year
738,1486.5,0,121,8.9,Common mussels,HCL,HL-892,7,9,2021,2nd half year
739,1252,40.04,68.6,5.5,Common mussels,SIC,SI-326,7,9,2021,2nd half year
740,1529.5,80.08,159.8,11.8,Common mussels,SIC,SI-324,7,9,2021,2nd half year
741,1219.2,140.14,206.1,8.4,Common mussels,SIC,SI-327,7,9,2021,2nd half year
742,5470.2,100.1,575.6,11.6,Common mussels,SIC,SI-035,8,9,2021,2nd half year
743,3443.6,0,437.6,11.3,Common mussels,SIC,SI-080,13,9,2021,2nd half year
744,2276.7,0,195,11.1,Common mussels,SIC,SI-242,13,9,2021,2nd half year
745,3745.2,0,373.7,21.7,Common mussels,SIC,SI-288,13,9,2021,2nd half year
746,6767.7,0,688.6,14,Common mussels,SIC,SI-297,13,9,2021,2nd half year
747,8396.6,0,859.4,7,Common mussels,SIC,SI-035,15,9,2021,2nd half year
748,1813.7,0,249.3,4.3,Common mussels,SIC,SI-080,20,9,2021,2nd half year
749,1238.3,0,157.4,17.3,Common mussels,SIC,SI-242,20,9,2021,2nd half year
750,6808.6,20.02,729.3,15.3,Common mussels,SIC,SI-297,20,9,2021,2nd half year
751,1251.3,80.08,133.9,17.2,Common mussels,SIC,SI-324,21,9,2021,2nd half year
752,1106,60.06,106.3,13.2,Common mussels,SIC,SI-797,21,9,2021,2nd half year
753,5731.2,40.04,547,14.4,Common mussels,SIC,SI-035,22,9,2021,2nd half year
754,1752.8,0,232.6,6.6,Common mussels,SIC,SI-297,27,9,2021,2nd half year
